{
  "0": {
    "precision": 0.9959971744761008,
    "recall": 0.9978768577494692,
    "f1-score": 0.9969361300966297,
    "support": 4239
  },
  "1": {
    "precision": 0.9974796975637077,
    "recall": 0.9952500698519139,
    "f1-score": 0.9963636363636365,
    "support": 3579
  },
  "accuracy": 0.9966743412637503,
  "macro avg": {
    "precision": 0.9967384360199043,
    "recall": 0.9965634638006915,
    "f1-score": 0.9966498832301331,
    "support": 7818
  },
  "weighted avg": {
    "precision": 0.9966758582993989,
    "recall": 0.9966743412637503,
    "f1-score": 0.9966740483531682,
    "support": 7818
  }
}